name,email
Keagan,Ferne34@yahoo.com
Frieda,Domenic.Hauck@gmail.com
Rahsaan,Loyal.King28@yahoo.com
Cassie,Lennie_Bashirian80@yahoo.com
Kaylah,Ilene_Torp@yahoo.com
Harry,Cordell_Pfeffer@gmail.com
Gregg,Aracely_Huels@hotmail.com
Emmanuel,Hertha.Hilpert@gmail.com
Ursula,Grayson.Terry60@yahoo.com
Leola,Alvera_Jerde@yahoo.com
Kim,Vernice.Emard@gmail.com
Britney,Maxime.Johnston12@hotmail.com
Darryl,Mia.Wyman@yahoo.com
Allan,Trisha66@hotmail.com
Adalberto,Myrl.Predovic@gmail.com
Celia,Monica.Abernathy@yahoo.com
Chauncey,Dell.Hessel32@gmail.com
Palma,Tyler22@gmail.com
Talia,Cecile11@hotmail.com
Marisol,Esther36@gmail.com
Edwin,Armando.Von@hotmail.com
Alexandria,Katharina.OReilly@hotmail.com
Golden,Oren94@yahoo.com
Tressa,Tressa.Little33@gmail.com
Eli,Zander13@yahoo.com
Dorothea,Franco.Hilpert@hotmail.com
Lyric,Brandy_Upton@hotmail.com
Sigurd,Sonya.Bednar80@yahoo.com
Madisyn,Creola_Friesen17@yahoo.com
Grant,Gonzalo26@yahoo.com
Giuseppe,Junior33@hotmail.com
Gregg,Nathanael.Terry32@hotmail.com
Marge,Casandra.Larson29@yahoo.com
Gwen,Abagail.OConnell25@gmail.com
Monte,Eloise_Zulauf@gmail.com
Jamel,Toy25@gmail.com
Omari,Gaston.Lind@hotmail.com
Willow,Alvera.Schneider26@hotmail.com
Warren,Brook20@hotmail.com
Kaley,Delpha.Schumm27@gmail.com
Durward,Heaven.Mohr79@yahoo.com
Isabelle,Ryann_Mayer81@gmail.com
Davon,Delmer16@yahoo.com
Amari,Itzel.Metz@gmail.com
Earnestine,Karianne.Frami@gmail.com
Harvey,Uriel92@hotmail.com
Herminio,Wendell.Conn@hotmail.com
Duane,Chaz_Gislason@yahoo.com
Candelario,Abagail.Pouros16@hotmail.com
Lorine,Glenna.Morar@yahoo.com
Myrl,Noemy_Heller65@yahoo.com
Jaylin,Stewart_Ferry90@hotmail.com
Royce,Vicenta.Beatty@yahoo.com
Johnnie,Bryana_Considine@yahoo.com
Weldon,Daija_Breitenberg37@yahoo.com
Teresa,Tyler5@gmail.com
Verlie,Forest9@yahoo.com
Bertrand,Dewitt_Parker26@hotmail.com
Gerson,Dejon.Langosh@yahoo.com
Jaquan,Leann_Mohr@hotmail.com
Ethyl,Bethany77@gmail.com
Santos,Craig.Denesik61@yahoo.com
Isabella,Lesly.Brown98@gmail.com
Houston,Rashad44@hotmail.com
Mason,Angel.Wunsch@yahoo.com
Matt,Kaylee.Rice@yahoo.com
Paolo,Lilla58@hotmail.com
Emerson,Trenton_Schumm@yahoo.com
Freida,Myron_Tillman88@hotmail.com
Noel,Maybell.Lindgren@yahoo.com
Reva,Jayme.Brown75@hotmail.com
Olga,Raoul.Haley@hotmail.com
Dwight,Dimitri17@yahoo.com
Jakob,Nia92@yahoo.com
Sim,Marcella_Hills69@gmail.com
Adrian,Annabelle91@yahoo.com
Bettie,Audrey_Kerluke56@gmail.com
Reinhold,Carmella42@hotmail.com
Seth,Lula.Nienow@hotmail.com
Devonte,Violet38@yahoo.com
Monroe,Aniya.Hilpert0@gmail.com
Reese,Emilie_Batz@yahoo.com
Micaela,Peter.Hodkiewicz19@hotmail.com
Berta,Susana53@hotmail.com
Kyle,Damaris53@yahoo.com
Bonnie,Ernesto_Runte@yahoo.com
Naomi,Dasia.Schmeler97@hotmail.com
Meta,Simeon.Conroy@yahoo.com
Jackson,Alford97@gmail.com
Jackson,Maximilian_Johns64@hotmail.com
Vicky,Tavares.MacGyver79@yahoo.com
Saige,Jodie_Jaskolski@hotmail.com
America,Leanne.Crist@hotmail.com
Jeff,Alana_Reichert41@yahoo.com
Delmer,Brent_Connelly@hotmail.com
Julia,Maudie.Harber@hotmail.com
Gillian,Susie_Hayes51@yahoo.com
Oleta,Berneice82@yahoo.com
Justina,Sabina.Cronin@gmail.com
Jimmy,Sheridan_Kilback47@yahoo.com
Tobin,Westley.Kuphal@yahoo.com
Filiberto,Joy66@yahoo.com
Adolfo,Jada.Olson69@yahoo.com
Edward,Freeman_Morissette@yahoo.com
Sarai,Briana_Champlin83@gmail.com
Scotty,Alden_Goldner72@gmail.com
Crystel,Sheila19@gmail.com
Emelia,Karli_Schiller8@hotmail.com
Kari,Eddie_Reichert@yahoo.com
Rossie,Ashlee_Johnston38@gmail.com
Lisa,Kane40@yahoo.com
Issac,Newton.Rippin96@gmail.com
Paxton,Lonzo12@gmail.com
Urban,Geovanni_Tremblay77@gmail.com
Garnett,Tia_Schoen38@gmail.com
Marco,Rhiannon_Goyette82@gmail.com
Mariano,Destiny_Denesik@gmail.com
Marlee,Candido.Lubowitz96@yahoo.com
Trycia,Bertrand76@hotmail.com
Derek,Muriel.Stokes@yahoo.com
Maude,Noah_Littel55@yahoo.com
Hollie,Antwan.Boyer60@gmail.com
Fred,Chester41@hotmail.com
Bernardo,Otto98@yahoo.com
Matt,Demario.Bashirian27@hotmail.com
Jada,Emmanuelle.Bogisich@gmail.com
Keith,Mazie_Walter71@yahoo.com
Leonor,Hugh_Macejkovic8@yahoo.com
Trevor,Anthony_Kilback42@hotmail.com
Chance,Ashton15@yahoo.com
Natasha,Maye.Oberbrunner@hotmail.com
Guiseppe,Kiarra68@gmail.com
Macey,Raul36@gmail.com
Darren,Sienna.Glover@yahoo.com
Elza,Sedrick75@hotmail.com
Vada,Jose46@yahoo.com
Heather,Otho68@yahoo.com
Greg,Christophe_Bayer@yahoo.com
Leda,Liliane.Torp50@yahoo.com
Lonny,Jamey19@gmail.com
Dayna,Ken_Reynolds@hotmail.com
Brennan,Cory82@hotmail.com
Judah,Anibal.West@gmail.com
Caterina,Ethan26@yahoo.com
Tate,Lelia_Witting14@gmail.com
Keegan,Letitia_Dach@hotmail.com
Ruthe,Uriel3@gmail.com
Shanna,Marlon_Douglas11@gmail.com
Vida,Jakayla_Reichel@yahoo.com
Providenci,Tom.Ullrich89@gmail.com
Heaven,Elinor.Orn@yahoo.com
Elva,Horacio61@hotmail.com
Magali,Jonatan_Corwin@yahoo.com
Neva,Letha.Okuneva@yahoo.com
Taya,Donavon73@yahoo.com
Annabelle,Magdalena_Gleason@gmail.com
Koby,Darron_Mraz@gmail.com
Lemuel,Alysa_Lang42@yahoo.com
Sydnie,Jessika29@yahoo.com
Florida,Clotilde_Kuvalis@hotmail.com
Anastasia,Luella.Fahey17@yahoo.com
Jakob,Edwina.Welch41@yahoo.com
Barney,Gabrielle_Schultz@yahoo.com
Clay,Susie4@yahoo.com
Bertrand,Aurelie_Stark96@yahoo.com
Elwyn,Eloise_Tremblay@yahoo.com
Makenzie,Rocio_Douglas@gmail.com
Ansley,Mertie.Konopelski@hotmail.com
Concepcion,Millie.Hickle@gmail.com
Gussie,Jerel39@gmail.com
Alfredo,Emie_Feeney@yahoo.com
Hardy,Alvina.Kling@hotmail.com
Lenora,Maryse.Hackett@yahoo.com
Immanuel,Kim.Ratke@gmail.com
Reanna,Jalyn40@hotmail.com
Jorge,Loyce.Rutherford10@hotmail.com
Chelsie,Kyle67@gmail.com
Perry,Octavia_Johns@gmail.com
Lexie,Triston78@hotmail.com
Krystal,Soledad34@gmail.com
Sally,Telly_Bernier@yahoo.com
Charlotte,Cassandra21@gmail.com
Tevin,Sharon24@hotmail.com
Ulices,Jenifer_Lueilwitz62@hotmail.com
Raheem,Vicky37@hotmail.com
Mariah,Jerrold_Sporer80@gmail.com
Vince,Ernesto_Barrows@hotmail.com
Dustin,Jerald.Mohr@hotmail.com
Kennith,Kaelyn97@gmail.com
Genesis,Gisselle.Bednar71@hotmail.com
Humberto,Lea_Wisoky@gmail.com
Shaylee,Joshua.Klocko@yahoo.com
Horacio,Darrin_Konopelski26@hotmail.com
Laney,Annalise.Jakubowski@hotmail.com
Lennie,Florian43@hotmail.com
Alphonso,Elwin.Toy74@gmail.com
Ezra,Jordy15@gmail.com
Roderick,Maxwell12@hotmail.com
Marilie,Ceasar_Yost@gmail.com
Salma,Americo_Emard@gmail.com
Hayden,Cristobal.Harber@yahoo.com
Melody,Cleve.Tillman@yahoo.com
Carter,Oceane.Kerluke@gmail.com
Aliyah,Kristian_Beatty89@gmail.com
Tyson,Bailee31@hotmail.com
Emmanuel,Magnus_Hartmann@gmail.com
Valentin,Maritza.Will@hotmail.com
Gina,Juvenal95@gmail.com
Ellie,Elenor_Bashirian@yahoo.com
Ebba,Connor.Mills79@hotmail.com
Briana,Brianne_Larkin27@yahoo.com
Gia,Miles.Keeling77@gmail.com
Raul,Syble_McGlynn44@gmail.com
Kayli,Jeramy.West18@gmail.com
Ernestina,Alec_Bins@yahoo.com
Jovany,Devyn.Weber@gmail.com
Ashleigh,Kenyatta.Williamson87@hotmail.com
Donald,Justus.Weber@hotmail.com
Marc,Clarissa7@yahoo.com
Viva,Sigurd_Anderson@hotmail.com
Kennedy,Margaretta.Dibbert94@gmail.com
Hallie,Alessia.Streich@yahoo.com
Kelli,April.Lakin69@gmail.com
Jalen,Destiney_Stoltenberg82@gmail.com
Theresa,Leopoldo29@gmail.com
Lee,Christiana29@hotmail.com
Danial,Rafael_Kunze77@gmail.com
Kamryn,Anna_Torphy53@hotmail.com
Leila,Chanel.Hills32@gmail.com
Cassandra,Lazaro90@hotmail.com
Susanna,Zoila.Tillman@hotmail.com
Sonya,Spencer_Rippin@gmail.com
Casimer,Lori_Osinski55@gmail.com
Adaline,Rosalia.Mayert@yahoo.com
Lenore,Irwin.Aufderhar@gmail.com
Vicente,Alvera10@hotmail.com
Antwon,Stephany.Pouros75@hotmail.com
Everett,Alysa_Corwin@hotmail.com
Ronny,Virgil80@gmail.com
Alize,Kenna_Boyle89@gmail.com
Ottilie,Cortez.Greenfelder@gmail.com
Spencer,Narciso1@hotmail.com
Deja,Timmothy16@gmail.com
Dora,Chanel.Reilly0@hotmail.com
Madelyn,Talia74@hotmail.com
Hulda,Devonte14@yahoo.com
Cyrus,Pearlie_Haley@gmail.com
Lera,Trudie80@hotmail.com
Camren,Vivian33@gmail.com
Luella,Cleve_Nader11@gmail.com
Sheila,Melyssa98@hotmail.com
Adeline,Valerie.Bins@hotmail.com
Darrion,Cecil90@yahoo.com
Cletus,Jessika.Kuphal@yahoo.com
Marilou,Erika20@gmail.com
Kayla,Eliane_Bauch52@yahoo.com
Glenda,Elwyn_Bergstrom12@gmail.com
Kevin,Kariane47@hotmail.com
Aleen,Delphine37@hotmail.com
Priscilla,Icie.Pagac@gmail.com
Felix,Angelina.Konopelski98@hotmail.com
Adolf,Lucinda.Ziemann@hotmail.com
Cindy,Lorine.Ruecker@gmail.com
Oran,Crystal.Hane31@yahoo.com
Reyes,Jayde_Jenkins@hotmail.com
Onie,Leslie25@gmail.com
Brandyn,Jeanie54@yahoo.com
Bessie,Isac_Reynolds@gmail.com
Darren,Leone_Gerlach@yahoo.com
Esteban,Jonatan61@yahoo.com
Richie,Jaylin.Stark27@gmail.com
Bianka,Brooke28@hotmail.com
Courtney,Jared78@hotmail.com
Nannie,Alysson.Kohler26@hotmail.com
Linwood,Jerrold.Luettgen59@gmail.com
Alvah,Pauline28@gmail.com
Timothy,Edythe_Mohr@yahoo.com
Hildegard,Melisa_Bednar6@gmail.com
Tyshawn,Abigayle_Romaguera58@yahoo.com
Keith,Clementina.Upton@yahoo.com
Maiya,Charlotte.Feeney@gmail.com
Kaela,Ellsworth_Christiansen56@gmail.com
Monique,Janis52@yahoo.com
Karli,Eve_Cormier@yahoo.com
Precious,Alaina_Gutmann57@hotmail.com
Haley,Dominic40@hotmail.com
Nettie,Herminio.Roberts31@hotmail.com
Gabriella,Izaiah_Dicki8@yahoo.com
Toby,Patience51@gmail.com
Kaitlyn,Robbie_Mills@gmail.com
Jefferey,Jerad_Medhurst7@hotmail.com
Antonetta,Ashly_Herzog82@gmail.com
Benton,Lyric_Sipes@yahoo.com
Damon,Gertrude.Herzog7@gmail.com
Clovis,Jess_Rolfson@yahoo.com
Harold,Dejah.Terry@hotmail.com
Henderson,Misael.Senger85@yahoo.com
Melody,Fidel56@hotmail.com
Bernardo,Willa_Krajcik48@gmail.com
Cristina,Idell_Will@gmail.com
Earnest,Selena30@hotmail.com
Eileen,Antonetta99@yahoo.com
Damien,Wilford.Dach6@hotmail.com
Kenny,Keven_Rohan31@yahoo.com
Edythe,Delores.Franecki@gmail.com
Hanna,Rosella_Ullrich@hotmail.com
Grayson,Rosa88@hotmail.com
Carlie,Noemi_Abbott@yahoo.com
Mckayla,Stefanie63@hotmail.com
Catharine,Prudence1@yahoo.com
Keara,Mabelle.Bogisich@hotmail.com
Lee,Kaya_Yost10@hotmail.com
Kenya,Ruben76@yahoo.com
Hardy,Samir.Larkin99@gmail.com
Kelly,Betty13@yahoo.com
Murray,Nathan1@hotmail.com
Alexandria,Brendan.Gutkowski@hotmail.com
Bryce,Alison_Corkery@hotmail.com
Donnie,Virgie71@yahoo.com
Bella,Luigi21@hotmail.com
Kylie,Polly.Hirthe@yahoo.com
Bailey,Arvel.Hayes@gmail.com
Ruthie,Henriette_Mitchell@hotmail.com
Candice,Heaven.Oberbrunner9@yahoo.com
Mervin,Nicolas_Tromp95@yahoo.com
Elwin,Karl.Jones@yahoo.com
Kaleb,Barry.Cartwright@gmail.com
Joesph,Jamey_Grimes9@gmail.com
Jeanne,Evans_Legros@gmail.com
Talon,Lizzie.Deckow63@yahoo.com
Jessyca,Savannah_White92@hotmail.com
Callie,Jaida_Considine@gmail.com
Katlyn,Thomas_Ryan@hotmail.com
Lauretta,Zion.Daniel@hotmail.com
Niko,Terrill_Lesch@yahoo.com
Roger,Carlos74@gmail.com
Lorenza,Jadyn.Runolfsson11@hotmail.com
Emilio,Isidro45@yahoo.com
Verdie,Bradley_Grimes38@gmail.com
Ken,Eugenia.Stracke73@yahoo.com
Iva,Carolyne.Pacocha42@yahoo.com
Armani,Amiya32@gmail.com
Frank,Emma.Volkman@hotmail.com
Donny,Terry44@gmail.com
Dahlia,Kitty.Barton@gmail.com
Savion,Jake.Roob86@hotmail.com
Hayden,Ludwig_Donnelly8@hotmail.com
Hiram,Priscilla24@gmail.com
Andrew,Suzanne45@yahoo.com
Kaelyn,Cleora.Jenkins33@gmail.com
Glenna,Abelardo_Kertzmann93@yahoo.com
Zion,Reagan.Turcotte@gmail.com
Monty,Isaac.Pfannerstill11@yahoo.com
Israel,Jeramy.Dietrich@gmail.com
Levi,Ernesto_Walker22@gmail.com
Jillian,Beatrice_Yundt@yahoo.com
Maximillia,Jayne95@yahoo.com
Kathryne,Gus91@hotmail.com
Bailey,Deondre_Mills80@hotmail.com
Hal,Ford62@gmail.com
Camryn,Anya.Schinner50@hotmail.com
Pasquale,Rosalyn.Lueilwitz@hotmail.com
Norbert,Eva53@hotmail.com
Verlie,Tess20@yahoo.com
Bell,Dominic_West78@yahoo.com
Karli,Vinnie.Harvey0@gmail.com
Keely,Alan4@yahoo.com
Marisa,Justina_Hoeger34@hotmail.com
Golden,Dessie.Nitzsche10@yahoo.com
Jacquelyn,Jack.Schaefer23@hotmail.com
Tyrell,Marisa_Mraz65@hotmail.com
Dovie,Mariah.White52@yahoo.com
Ruben,Werner.Rau@yahoo.com
Sandy,Wilhelm.Gerhold85@gmail.com
Maida,Garnett67@gmail.com
Alysson,Eleonore.Huels59@gmail.com
Julian,Orlando72@gmail.com
Fermin,Hobart17@yahoo.com
Henderson,Armando5@gmail.com
Rosalind,Daija_Schaefer@hotmail.com
Isobel,Immanuel_Kreiger@hotmail.com
Khalid,Maia_Yundt@hotmail.com
Chelsey,Audreanne51@gmail.com
Nathanial,Susan_Wiegand@gmail.com
Jaiden,Summer_Miller@hotmail.com
Valentina,Minerva.Rippin1@gmail.com
Danyka,Jerrell.Rodriguez@gmail.com
Shanelle,Paula.Reinger28@yahoo.com
Al,Giovanna72@hotmail.com
Cortney,Margaretta.Conn@gmail.com
Ramon,Marge.Gusikowski@gmail.com
Nakia,Vida_Wiegand@yahoo.com
Mellie,Destin.Kuhn33@hotmail.com
Cierra,Selina98@gmail.com
Cloyd,Hardy75@yahoo.com
Harmony,Okey_Skiles70@yahoo.com
Cassie,Caesar_Stamm16@yahoo.com
Tony,Ubaldo11@yahoo.com
Elenor,Guillermo63@yahoo.com
Cheyenne,Carlos.Beier50@gmail.com
Iva,Emmet.Rice17@yahoo.com
Devyn,Corene.Boehm97@hotmail.com
Victor,Michel46@gmail.com
Mittie,Telly_Hessel@gmail.com
Jadyn,Jerrell26@yahoo.com
Manuel,Vivian_Rolfson96@yahoo.com
Joanny,Keith.Homenick@hotmail.com
Aurelia,Steve.Feest11@gmail.com
Reginald,Alexandrea_Lueilwitz12@gmail.com
Joanny,Jenifer.Schulist39@yahoo.com
Maverick,Fred_Turcotte18@hotmail.com
Leilani,Meggie10@yahoo.com
Leanna,Julia_Botsford@gmail.com
Marianne,Alaina_Rowe@gmail.com
Aleen,Bart.Spinka58@hotmail.com
Demetris,Jaylon_Herman58@hotmail.com
Delaney,Kennith_Johnston12@yahoo.com
Laurence,Fae.Christiansen34@yahoo.com
Riley,Shania.Ullrich21@gmail.com
Haven,Reta47@gmail.com
Brady,Hal.Ferry59@yahoo.com
Hildegard,Isobel97@gmail.com
Santiago,Vincenza.Douglas73@hotmail.com
Logan,Norval_Deckow@yahoo.com
Coty,Natasha_Shanahan@hotmail.com
Rita,Thelma28@hotmail.com
Cassidy,Fernando.Crona99@hotmail.com
Connor,Regan_Raynor@hotmail.com
Ollie,Liliane50@gmail.com
Damaris,Marques.Schultz@hotmail.com
Kassandra,Seamus71@yahoo.com
Juwan,Ashley_Predovic@hotmail.com
Madyson,Tabitha.Beatty85@gmail.com
Stanford,Marcelle_Mann@gmail.com
Aliya,Sunny37@gmail.com
Louvenia,Deondre.Dicki31@hotmail.com
Nikki,Matilda_Heathcote33@yahoo.com
Douglas,Elisha_Goldner@hotmail.com
Romaine,Allison.Adams@yahoo.com
Braxton,Sandra62@yahoo.com
Queen,Frank17@yahoo.com
Augusta,Kris.Romaguera94@gmail.com
Rico,Marilie.Thompson@gmail.com
Tom,Fiona_Harris89@gmail.com
Eldred,Tiara29@yahoo.com
Alaina,Natalia.Sauer18@hotmail.com
Cornelius,Victoria_Zboncak@yahoo.com
Carley,Bertha3@gmail.com
Ray,Lucas.Quitzon@yahoo.com
Meggie,Dena71@gmail.com
Camylle,Marlon17@hotmail.com
Eloy,Johnny_Nienow@hotmail.com
Sterling,Wanda16@gmail.com
Shanon,Jazlyn.Romaguera89@yahoo.com
Sadye,Theron50@hotmail.com
Annabell,Ashly_Stroman@gmail.com
Kaleb,Vicenta.Ratke49@hotmail.com
Florian,Bradly46@hotmail.com
Madonna,Hazle.Reichel@yahoo.com
Ryann,Kristoffer34@gmail.com
Spencer,Haylie.Gottlieb@gmail.com
Jedediah,Ebony_Schmidt@hotmail.com
Camden,Kristoffer_McKenzie79@yahoo.com
Una,Savion_Veum@hotmail.com
Haley,Bonita.Miller@hotmail.com
Arne,Demarcus96@hotmail.com
Gerda,Eugene96@hotmail.com
Zackery,Damon39@hotmail.com
Kennedi,Ignacio_Turcotte@gmail.com
Clovis,Valerie98@hotmail.com
Susan,Earnest.Kuphal86@gmail.com
Marquise,Jimmy19@yahoo.com
Dylan,Virgie.Rolfson13@gmail.com
Evert,Lazaro2@hotmail.com
Amalia,Giles3@hotmail.com
Amiya,Waino.Rau@hotmail.com
Osborne,Lia.Schneider@gmail.com
Lydia,Paris25@hotmail.com
Bryana,Alberta.Upton@hotmail.com
Bria,Mark.Leuschke@yahoo.com
Eric,Cortney.Haley67@yahoo.com
Cecilia,Bethany34@gmail.com
Dolly,Jeremie74@yahoo.com
Demarco,Dawson.Boyle@hotmail.com
Talon,Gordon.Corkery@hotmail.com
Birdie,Gordon.Hauck71@gmail.com
Micaela,Mercedes33@gmail.com
Tad,Lukas_Breitenberg98@hotmail.com
Devin,Bryana.Hoppe@gmail.com
Dakota,Ronny_Durgan@yahoo.com
Nyasia,Miguel.Boehm58@yahoo.com
Casper,Susan.Schaefer36@gmail.com
Fannie,Liza.Gusikowski@yahoo.com
Mazie,Tracy68@yahoo.com
Nikita,Vickie.Cruickshank37@hotmail.com
Lucile,Maia.Brown29@yahoo.com
Angie,Maeve.Hartmann@gmail.com
Ona,Kassandra.Streich66@hotmail.com
Jeanette,Bud_Turner@gmail.com
Germaine,Tremaine41@yahoo.com
Wava,Pat25@hotmail.com
Jordane,Miles45@gmail.com
Larue,Lillie.Mueller@yahoo.com
Lura,Donato.Kling@hotmail.com
Sister,Jalon.Pfannerstill72@gmail.com
Gilda,Jonatan.Schimmel@yahoo.com
Keyon,Sanford21@gmail.com
Valentin,Arnoldo66@yahoo.com
Camron,Annabel_Cormier54@gmail.com
May,Evangeline36@yahoo.com
Sabrina,Agnes.Crona@yahoo.com
Ryan,Elody.Koss55@gmail.com
Stanford,Syble_Harvey59@hotmail.com
Constantin,Mitchell_Kling22@gmail.com
Jose,Kane58@yahoo.com
Haleigh,Sarai9@gmail.com
Jarrod,Collin_Hammes45@gmail.com
Clare,Elizabeth.West@gmail.com
Domenica,Michel_Aufderhar@gmail.com
Jeremy,Kari.Sanford71@gmail.com
Terrence,Bobbie13@yahoo.com
Antwan,Marjorie99@hotmail.com
Travon,Imogene_Kub64@hotmail.com
Elenora,Loma_Schimmel@yahoo.com
Hanna,Steve_Rice@hotmail.com
Gwen,Maud.Grimes@hotmail.com
Robyn,Enid_Connelly75@gmail.com
Stuart,Eryn_Hudson97@hotmail.com
Sydnie,Darron.Anderson88@hotmail.com
Lempi,Elvie_Mertz66@gmail.com
Brain,Jovani82@gmail.com
Tavares,Bert_Conn@hotmail.com
Princess,Raegan.Schinner@gmail.com
Dylan,Hailey_Larson@hotmail.com
Hettie,Pattie_Kerluke23@yahoo.com
Natasha,Winona.Hessel@gmail.com
Brain,Griffin_Hoeger@hotmail.com
Curtis,Xzavier_Beatty79@yahoo.com
Desiree,Gerson64@yahoo.com
Lilian,Hassie.Gutkowski@gmail.com
Yasmine,Cole62@gmail.com
Shaniya,Winona_Schuster@hotmail.com
Pearl,Deron41@gmail.com
Ransom,Charity40@hotmail.com
Lexus,Federico63@yahoo.com
Eleanora,Mauricio_Reichert@hotmail.com
Dock,Zachery_Emard@gmail.com
Nella,Darron59@hotmail.com
Nickolas,Carmine38@gmail.com
Crystal,Kara.Barton30@gmail.com
Harmony,Tremayne_Smitham31@hotmail.com
Lucienne,Herbert51@hotmail.com
Dax,Cathrine_King@hotmail.com
Julian,Moshe.Koelpin@gmail.com
Franz,Theodore.Goyette37@hotmail.com
Abigale,Katheryn.Cremin31@hotmail.com
Maryjane,Carley60@hotmail.com
Demetrius,Josephine_Will@hotmail.com
Kameron,Deangelo_Stanton99@hotmail.com
Rosario,Betsy.Skiles10@yahoo.com
Juliana,Alize_Kertzmann@gmail.com
Wilfrid,Hiram_Rath55@hotmail.com
Camron,Clemens_Hammes@hotmail.com
Nat,Estrella_Hermann@hotmail.com
Sabina,Elliot.Auer6@yahoo.com
Meda,Joey.Hayes31@gmail.com
Marian,Vidal46@yahoo.com
Jennings,Maverick90@yahoo.com
Maximillian,Estevan94@hotmail.com
Marina,Marilyne_Zboncak39@yahoo.com
Jovanny,Kenton_Gleichner@yahoo.com
Tressa,Pearl_Ferry@gmail.com
Zackery,Adolfo_Will50@gmail.com
Melyssa,Charles73@hotmail.com
Velva,Jasper_Braun@hotmail.com
Matteo,Alicia.Steuber80@yahoo.com
Shane,Hallie.Ward@hotmail.com
Marjolaine,Jeff_Spencer@gmail.com
Maryjane,Gianni58@yahoo.com
Cecile,Dora.Walter23@hotmail.com
Davon,Cleo.DAmore88@yahoo.com
Vita,Lexi_Cruickshank75@hotmail.com
Evangeline,Clemens_Macejkovic67@yahoo.com
Jabari,Janis_Gerlach@hotmail.com
Jaqueline,Isabella98@yahoo.com
Xander,Christine11@gmail.com
Joany,Stewart.Champlin@hotmail.com
Ahmad,Bruce.Kerluke3@yahoo.com
Jennie,Aniyah.Kiehn9@hotmail.com
David,Adeline35@hotmail.com
Gloria,Connor.Ziemann@gmail.com
Tre,Era_Feil@hotmail.com
Lukas,Larry.Muller@hotmail.com
Joannie,Jeffry.Luettgen@yahoo.com
Gail,Jedidiah_Wuckert@hotmail.com
Adam,Phyllis.Rath84@yahoo.com
Skylar,Judy_Block@gmail.com
Casimer,John_Rogahn54@yahoo.com
Remington,Felipa_Haley56@hotmail.com
Ruthie,Tyshawn.Bailey@yahoo.com
Willy,Bell_Doyle@hotmail.com
Laurence,Katlynn.Prosacco61@yahoo.com
Savanna,Jettie_Turcotte13@gmail.com
Chandler,Nyasia.Grant64@hotmail.com
Lenny,Mittie.Gibson69@gmail.com
Catalina,Alessandra98@gmail.com
Libby,Mariah_Hauck13@gmail.com
Winifred,Una92@gmail.com
Amanda,Marge.Rohan47@hotmail.com
Arianna,Ethan.Beer@yahoo.com
Freeman,Julius_Medhurst62@hotmail.com
Lyda,Davonte_Larson83@gmail.com
Mark,Bria_Rath@hotmail.com
Derek,Dan_Reichert@hotmail.com
Rex,Sigrid.Heidenreich@gmail.com
Dahlia,Ramon_Sporer0@yahoo.com
Israel,Mack34@hotmail.com
Leilani,Marcos.Mitchell@gmail.com
Miguel,Rosario.Price@gmail.com
Amya,Hertha_Parisian58@yahoo.com
Jamison,Arvilla.Cummings@hotmail.com
Johnny,Darrel_Bode59@gmail.com
Jamir,Newton99@gmail.com
Hailee,Fernando.Heathcote60@gmail.com
Leila,Percival75@hotmail.com
Gay,Freeda_Frami@hotmail.com
Lucious,Alverta_Wilkinson@yahoo.com
Brianne,Rachel.Murray67@yahoo.com
Owen,Alejandrin1@yahoo.com
Michale,Dulce55@gmail.com
Wilson,Rosalee70@yahoo.com
Mattie,Lourdes_Simonis36@gmail.com
Delia,America.Littel@hotmail.com
Buford,Destini.Greenfelder40@gmail.com
Monica,Solon_Gaylord93@hotmail.com
Don,Cloyd87@yahoo.com
Rozella,Oswaldo_Schmeler@yahoo.com
Garett,Bianka_Rice@gmail.com
Kaden,Hallie_Mosciski@yahoo.com
Johnnie,Maud82@yahoo.com
Karelle,Fred60@yahoo.com
Asha,Lilla.Adams61@yahoo.com
Ramona,Vern_Mitchell@gmail.com
Addison,Jordan90@yahoo.com
Joe,Destin_Schoen@gmail.com
Salvatore,Guadalupe.Monahan44@gmail.com
Mercedes,Margaret.DuBuque@gmail.com
Franz,Marquise_Ebert@hotmail.com
Destin,Rosella_Farrell@gmail.com
Grayce,Hilda35@hotmail.com
Queenie,Vicente92@hotmail.com
Alice,Hiram.Erdman@gmail.com
Laurine,Jabari_Collier@gmail.com
Adrian,Sammy.Gleichner97@gmail.com
Deontae,Kacey_Ward97@gmail.com
Eleanora,Ova_Feest@gmail.com
Idella,Faustino.Sanford6@hotmail.com
Odie,Loren.Hansen@yahoo.com
Sydnie,Brando34@hotmail.com
Gerda,Phyllis.Effertz56@yahoo.com
Karen,Faye.Goldner25@hotmail.com
Alexanne,Abigale.Dach@hotmail.com
Melissa,Jessyca9@hotmail.com
Jalyn,Cleveland.Cartwright79@yahoo.com
Helen,Laurie.Stroman39@gmail.com
Karlie,Bruce_Miller21@hotmail.com
Jan,Agnes.Bartoletti50@gmail.com
Maiya,Camilla.Gislason@gmail.com
Gabriel,Javier23@hotmail.com
Alvera,Buford.Jakubowski@yahoo.com
Shanna,Chloe2@gmail.com
Bailey,Marianne75@hotmail.com
Reba,Hassie.Leffler26@gmail.com
Mona,Rocio.Rempel@yahoo.com
Belle,Frieda.Kuhn@gmail.com
Jacinto,Christopher_Bednar@yahoo.com
Elliott,Ferne_Kutch58@yahoo.com
Hertha,Dion31@hotmail.com
Emiliano,Marquis_Macejkovic@gmail.com
Cade,Caterina_Kohler52@gmail.com
Delphine,Robb_Johns20@yahoo.com
Jaida,Rhea.Rath96@hotmail.com
Triston,Sylvia_Morar62@hotmail.com
Kenton,Hipolito37@gmail.com
Meredith,Gino_Schaden@gmail.com
Leopoldo,Estelle_Leannon19@yahoo.com
Roger,Cullen_Murray28@hotmail.com
Daren,Garth_Heathcote@yahoo.com
Rose,Charlie30@hotmail.com
Delfina,Cathrine_Boehm@gmail.com
Melody,Brenden.Spencer89@yahoo.com
Sebastian,Jaden_Heathcote@hotmail.com
Graham,Schuyler_Hackett26@gmail.com
Rose,Erwin35@gmail.com
Breana,Marshall.Schoen86@hotmail.com
Theron,Elmer93@gmail.com
Emilie,Misael73@gmail.com
Neha,Jamal50@hotmail.com
Ed,Orie53@gmail.com
Russel,Charlie.Buckridge@yahoo.com
Samara,Abbigail37@gmail.com
Dino,Winifred_Kerluke9@gmail.com
Gwen,Myrna_Flatley95@hotmail.com
Wilton,Milford_Rippin@gmail.com
Loren,Lucious76@hotmail.com
Ayden,Lavern.Rosenbaum18@gmail.com
Wilber,Unique_Barton@yahoo.com
Lizeth,Terry31@gmail.com
Lavada,Lauriane_Welch9@yahoo.com
Scot,Caden.Pouros@hotmail.com
Braulio,Berniece_Spencer24@yahoo.com
Kristoffer,Lynn.Hahn49@yahoo.com
Coty,Hayley.Schultz26@yahoo.com
Troy,Buddy_Flatley9@hotmail.com
Wendell,Juvenal46@hotmail.com
Deanna,Marietta_Larkin@yahoo.com
Efrain,Carlie_Osinski@hotmail.com
Annetta,Samantha_Gorczany@yahoo.com
Stacy,Charles0@gmail.com
Alek,Tyrell.Mraz50@hotmail.com
Maverick,Frida.Barton@yahoo.com
Judah,Rebeka.Mann0@yahoo.com
Bethany,Zaria76@hotmail.com
Patricia,Sophie_Johns67@gmail.com
Ramon,Ernestine_Purdy53@yahoo.com
Jody,Amparo_Beier@yahoo.com
Allene,Jamison_Kessler@hotmail.com
Jonatan,Elyse_Turcotte@yahoo.com
Ewell,Cydney_Bayer59@hotmail.com
Agustina,Emmanuel42@hotmail.com
Asha,Orville.Hickle@gmail.com
Janae,Damaris.Lubowitz3@hotmail.com
Kameron,Kirstin_Spencer@gmail.com
Alta,Assunta49@gmail.com
Colt,Anika23@yahoo.com
Katlynn,Nyah_Runolfsson@gmail.com
Griffin,Dejah_Harvey17@hotmail.com
Jabari,Dejah.Pollich33@gmail.com
Amir,Rafael_Berge@hotmail.com
Floy,Imani_Schimmel@yahoo.com
Roselyn,Zion64@yahoo.com
Wilfredo,Anika.Bahringer29@gmail.com
Davin,Zoila.Ferry@gmail.com
Aurelia,Jordyn53@gmail.com
Isabelle,Wiley.Renner64@hotmail.com
Rowan,Willy.West47@hotmail.com
Gerhard,Lance_Lindgren@yahoo.com
Lavada,Efren19@hotmail.com
Cortney,Gaylord.Dach98@hotmail.com
Rose,Chris.Johnston@yahoo.com
Rhianna,Raegan_Hayes71@gmail.com
Horace,Vivien.Schoen@gmail.com
Omer,Natalie_Rosenbaum38@gmail.com
Callie,Beaulah.Gerhold3@gmail.com
Leopold,Caterina31@yahoo.com
Devon,Cleo_Barton@gmail.com
Alexis,Ariane_Nicolas@yahoo.com
Enid,Jerel.Purdy@yahoo.com
Estella,Florine13@yahoo.com
Evan,Yoshiko_Kemmer@yahoo.com
Delmer,Maggie.Stokes@yahoo.com
Henriette,Johanna_Aufderhar32@gmail.com
Jamel,Gay_Kessler36@hotmail.com
Lester,Flossie24@hotmail.com
Ara,Deonte97@yahoo.com
Doris,Britney.Schowalter@gmail.com
Maegan,Cristian.Johnson27@hotmail.com
Dorris,Adele.Reichel46@gmail.com
Vena,Antonietta96@gmail.com
Dayne,Dashawn.Hettinger60@hotmail.com
Skyla,Evan73@hotmail.com
Amos,Jermaine.Powlowski22@hotmail.com
Vivien,Georgiana_Hintz@hotmail.com
Ardith,Candida83@hotmail.com
Blair,Tia.Wisozk92@yahoo.com
Blaze,Allan.Kozey@yahoo.com
Idella,Josh68@gmail.com
Bulah,Madilyn15@yahoo.com
Verner,Jarrett18@hotmail.com
Jerry,Hannah.Schamberger8@gmail.com
Maximus,Brendon_Homenick37@hotmail.com
Thaddeus,Kaitlin69@yahoo.com
Alexandra,Madison_Tromp46@hotmail.com
Jayda,Ardella19@yahoo.com
Wyman,Ahmad_Ziemann89@hotmail.com
Rosario,Aliya94@hotmail.com
Trudie,Brandi_Hilpert@hotmail.com
Sanford,Reece_Becker72@hotmail.com
Emmie,Carol39@hotmail.com
Rhoda,Marian_Gusikowski36@yahoo.com
Maida,Wilfred_Spencer7@gmail.com
Donny,Rogers.Dietrich@yahoo.com
Peter,Jacky_Krajcik70@gmail.com
Peyton,Lewis46@gmail.com
Orland,Dimitri76@gmail.com
Salvador,Adelle.Kutch@gmail.com
Emelie,Jermaine.Ziemann@yahoo.com
Addie,Candace.Kassulke@hotmail.com
Deangelo,Elsa.Kulas8@hotmail.com
Joshuah,Mara_Vandervort20@yahoo.com
Ashlee,Ambrose_Lynch@gmail.com
Arden,Flo.Runolfsson43@yahoo.com
Giuseppe,Elwin90@hotmail.com
Vella,Brittany93@yahoo.com
Desiree,Helen16@hotmail.com
Royce,Santiago14@gmail.com
Rogers,Pierce.Trantow@yahoo.com
Olga,Citlalli_Feeney@yahoo.com
Danika,Ocie16@yahoo.com
Arvilla,Connor.Bartoletti4@hotmail.com
Jensen,Betsy3@yahoo.com
Augustus,Keeley_Lesch74@hotmail.com
Isabel,Torrey_Friesen@hotmail.com
Teresa,Karlie79@gmail.com
Hipolito,Jett83@gmail.com
Devan,Zetta93@gmail.com
Flavie,Larue24@hotmail.com
Abraham,Shirley.Feil36@gmail.com
Eudora,Mona_Emmerich65@gmail.com
Gavin,Jerrod.Mante@hotmail.com
Torrance,Fidel71@yahoo.com
Meda,Leola.Wiza@yahoo.com
Bert,Jeromy_Murphy@hotmail.com
Elroy,Colton.Flatley@gmail.com
Jammie,Angelica.Kris@gmail.com
Milan,Jacey.Kuhn@gmail.com
Sherman,Corbin.Harber@hotmail.com
Elsie,Giuseppe.Mosciski@hotmail.com
Tessie,Coty5@hotmail.com
Dean,Adell69@hotmail.com
Abraham,Donnell.King49@gmail.com
Mervin,Herman41@gmail.com
Laverne,Lucile_Dickinson7@hotmail.com
Cathy,Haskell31@gmail.com
Dell,Mario_Shields@hotmail.com
Nathanial,Gladyce.Murazik18@gmail.com
Carmella,Maximillia_Kunze@gmail.com
Zander,Raymundo.Hahn16@hotmail.com
Janiya,Dennis.Tromp63@hotmail.com
Deontae,Mireya_Smith70@hotmail.com
Mozell,Josiane42@yahoo.com
Shane,Jeffrey72@yahoo.com
Neoma,Sheldon.Hane1@hotmail.com
Adrain,Hattie_Koelpin71@hotmail.com
Noel,Claudie73@gmail.com
Fabian,Addison.Bernier16@gmail.com
Vickie,Adalberto66@hotmail.com
Aylin,Gilbert.Carroll@gmail.com
Evert,Jasen9@hotmail.com
Brendon,Natalie.Zieme@yahoo.com
Cyrus,Felton_Stanton95@hotmail.com
Kathleen,Juvenal_Klein85@yahoo.com
Mollie,Raymundo.Ziemann65@hotmail.com
Talia,Edwina.Schulist96@yahoo.com
Shaylee,Karolann.Haley@hotmail.com
Jaeden,Linnea_Metz@hotmail.com
Dorcas,Magali_Balistreri32@hotmail.com
Jasen,Melvina_Kovacek@yahoo.com
Josie,Sedrick.Crist@hotmail.com
Harvey,Lucinda39@gmail.com
Mable,Lester_McLaughlin4@gmail.com
Nikita,Ray.Monahan@gmail.com
Erling,Austen90@hotmail.com
Terrance,Edythe.Kerluke@hotmail.com
Ignatius,Akeem.Macejkovic@hotmail.com
Liam,Jalyn_Kemmer6@gmail.com
Martin,Wilber_Gibson@gmail.com
Jarvis,Brando36@yahoo.com
Asia,Wilmer85@hotmail.com
Garry,Carmen9@hotmail.com
Elmore,Joana.McGlynn@hotmail.com
Donnell,Koby50@hotmail.com
Pablo,Raquel.Fisher61@yahoo.com
Julie,Keith94@gmail.com
Elliott,Cecil.Kemmer@gmail.com
Major,Jaida_Hand72@hotmail.com
Cathy,Roosevelt.Reynolds75@hotmail.com
Nathan,Anahi_Corkery@gmail.com
Muriel,Serena19@gmail.com
Davion,Amani_Schuppe63@gmail.com
Reese,Heather.Osinski@hotmail.com
Lenna,Adalberto92@yahoo.com
Olin,Daija.Roberts48@gmail.com
Yesenia,Brayan_Bergstrom57@hotmail.com
Rita,Andy_Dicki@gmail.com
Hannah,Consuelo.Lebsack@gmail.com
Meda,Cynthia98@gmail.com
April,Jaycee91@hotmail.com
Sonya,Riley_Nikolaus@yahoo.com
Muriel,Velma0@gmail.com
Garfield,Alessandra.Nienow@yahoo.com
Leon,Margie.Krajcik75@gmail.com
Anahi,Korbin27@gmail.com
Annalise,Terence40@gmail.com
Ceasar,Otha19@hotmail.com
Juliet,Neha_Carter61@yahoo.com
Davin,Lorena_Boehm46@hotmail.com
Gabrielle,Miracle.Pouros14@hotmail.com
Braeden,Leopoldo_Hegmann39@yahoo.com
Vernice,Judson.Paucek57@hotmail.com
Jeremie,Margret_Thiel@hotmail.com
Justine,Salvatore.Stroman@gmail.com
Sally,Jovan.Mills@gmail.com
Merle,Shawna21@gmail.com
Emmanuelle,Marty27@yahoo.com
Adelle,Susanna54@gmail.com
Preston,Mustafa_Dietrich@yahoo.com
Hope,Irma79@gmail.com
Kamron,Santina.Leannon0@hotmail.com
Gerda,Ruthie.Olson@yahoo.com
Louie,Lourdes.Bosco@yahoo.com
Berta,Jeremy.Monahan61@yahoo.com
Dax,Kiera.Mayert@yahoo.com
Julio,Juvenal.Kohler@gmail.com
Hayden,Beverly.Hodkiewicz59@yahoo.com
Ezra,Joesph81@yahoo.com
Nina,Marc_Ziemann@gmail.com
Eulah,Luisa68@gmail.com
Jefferey,Margarett69@yahoo.com
Thaddeus,Antwan_Rogahn@gmail.com
Yesenia,Aaliyah82@gmail.com
Asia,Norberto.Konopelski@yahoo.com
Jasmin,Adolph_Howell@yahoo.com
Nolan,Hardy21@gmail.com
Rowland,Randi.Larkin@gmail.com
Mariano,Ella_Langworth67@hotmail.com
Danika,Lacey.Greenholt79@hotmail.com
Otha,Haley11@hotmail.com
Herta,Jammie97@gmail.com
Dario,Edyth_Quigley40@yahoo.com
Edyth,Lester_Senger@yahoo.com
Esteban,Gunnar_Waters11@hotmail.com
Wayne,Moses.Towne29@yahoo.com
Dolly,Rick.Dickinson@gmail.com
Rachelle,Dustin35@gmail.com
Nick,Gregory_Hessel5@hotmail.com
Ila,Brent_Becker@hotmail.com
Emelia,Aaron68@yahoo.com
Devon,Zander_Kautzer@yahoo.com
Carlotta,Candice_Rolfson22@gmail.com
Eve,Kaci53@gmail.com
Celine,Domenica_Morar@gmail.com
Darryl,Maida_Friesen@hotmail.com
Geovany,Janae.Wiegand51@yahoo.com
Robb,Erwin41@hotmail.com
Gloria,Waino68@yahoo.com
Rachael,Meda80@gmail.com
Emily,Noble_Rodriguez@yahoo.com
Jeramie,Adolf_Herman@hotmail.com
Kiera,Shanny_Mohr84@gmail.com
Madonna,Raven98@yahoo.com
Leland,Kariane_Rolfson@gmail.com
Elna,Molly_Morissette39@gmail.com
Jermain,Nikki56@yahoo.com
Hobart,Hiram36@yahoo.com
Hosea,Reece_Lind@gmail.com
Arnold,Karelle.Bartell9@hotmail.com
Violet,Amanda.VonRueden39@gmail.com
Esteban,Darwin.Rosenbaum54@hotmail.com
Haskell,Madeline.Goodwin@gmail.com
Verda,Dax_Abshire@hotmail.com
Jasper,Ruthie.Simonis72@hotmail.com
Marques,Vernon29@yahoo.com
Arno,Santina.Reichert@yahoo.com
Branson,Eda.Kertzmann@gmail.com
Elva,Cindy34@yahoo.com
Dedric,Emma_Morar@hotmail.com
Marlee,Emmanuelle53@yahoo.com
Gilbert,Brady4@yahoo.com
Marvin,Annamae_Pouros@yahoo.com
Caitlyn,Richie42@hotmail.com
Devon,Casey70@hotmail.com
Merlin,Isom75@hotmail.com
Lowell,Onie28@yahoo.com
Noel,Deangelo97@gmail.com
Elisabeth,Yasmeen_Turcotte@hotmail.com
Jettie,Alene98@gmail.com
Camila,Maddison_Ryan96@gmail.com
Lily,Elmira.Eichmann@hotmail.com
Alvena,Sophie.Marks@yahoo.com
Orion,Skye_Williamson@yahoo.com
Ulises,Joanie.Kunde@gmail.com
Alex,Chadrick64@gmail.com
Tess,Marilou_Altenwerth18@gmail.com
Catherine,Kendall36@gmail.com
Llewellyn,Domenico.Bode@hotmail.com
Jasmin,Camilla10@yahoo.com
Katharina,Kaden.Miller@gmail.com
Nikki,Karl_Hodkiewicz@gmail.com
Valentine,Idell.Dickinson58@yahoo.com
Davion,Kennith56@hotmail.com
Micaela,Santa.Reynolds2@hotmail.com
Melissa,Angie_Goyette@hotmail.com
Travis,Madelyn_OConner25@yahoo.com
Ronaldo,Brain35@hotmail.com
Mina,Vernie_Parker35@gmail.com
Vickie,Chandler.Goodwin24@hotmail.com
Domingo,Karley16@gmail.com
Emil,Frederick31@yahoo.com
Myrtis,Nicholaus_Towne@yahoo.com
